-- Seed: VR Headset Comparison Data
-- UUID scheme: 10000000-...=categories, 20000000-...=items, 30000000-...=devices

-- Spec Categories
INSERT INTO spec_categories (id, name, order_index) VALUES
  ('10000000-0000-0000-0000-000000000001', 'Display',         1),
  ('10000000-0000-0000-0000-000000000002', 'Tracking',        2),
  ('10000000-0000-0000-0000-000000000003', 'Audio',           3),
  ('10000000-0000-0000-0000-000000000004', 'Compute',         4),
  ('10000000-0000-0000-0000-000000000005', 'Connectivity',    5),
  ('10000000-0000-0000-0000-000000000006', 'Battery / Power', 6),
  ('10000000-0000-0000-0000-000000000007', 'Ergonomics',      7);

-- Spec Items: Display
INSERT INTO spec_items (id, category_id, name, order_index) VALUES
  ('20000000-0000-0000-0000-000000000001', '10000000-0000-0000-0000-000000000001', 'Resolution (per eye)', 1),
  ('20000000-0000-0000-0000-000000000002', '10000000-0000-0000-0000-000000000001', 'Display Type',         2),
  ('20000000-0000-0000-0000-000000000003', '10000000-0000-0000-0000-000000000001', 'Field of View',        3),
  ('20000000-0000-0000-0000-000000000004', '10000000-0000-0000-0000-000000000001', 'Refresh Rate',         4),
  ('20000000-0000-0000-0000-000000000005', '10000000-0000-0000-0000-000000000001', 'Lens Type',            5);

-- Spec Items: Tracking
INSERT INTO spec_items (id, category_id, name, order_index) VALUES
  ('20000000-0000-0000-0000-000000000006', '10000000-0000-0000-0000-000000000002', 'Tracking Type',  1),
  ('20000000-0000-0000-0000-000000000007', '10000000-0000-0000-0000-000000000002', 'Controllers',     2),
  ('20000000-0000-0000-0000-000000000008', '10000000-0000-0000-0000-000000000002', 'Hand Tracking',   3),
  ('20000000-0000-0000-0000-000000000009', '10000000-0000-0000-0000-000000000002', 'Eye Tracking',    4);

-- Spec Items: Audio
INSERT INTO spec_items (id, category_id, name, order_index) VALUES
  ('20000000-0000-0000-0000-000000000010', '10000000-0000-0000-0000-000000000003', 'Audio Output', 1),
  ('20000000-0000-0000-0000-000000000011', '10000000-0000-0000-0000-000000000003', 'Microphone',    2);

-- Spec Items: Compute
INSERT INTO spec_items (id, category_id, name, order_index) VALUES
  ('20000000-0000-0000-0000-000000000012', '10000000-0000-0000-0000-000000000004', 'Processor', 1),
  ('20000000-0000-0000-0000-000000000013', '10000000-0000-0000-0000-000000000004', 'RAM',        2),
  ('20000000-0000-0000-0000-000000000014', '10000000-0000-0000-0000-000000000004', 'Storage',    3),
  ('20000000-0000-0000-0000-000000000015', '10000000-0000-0000-0000-000000000004', 'Platform',   4);

-- Spec Items: Connectivity
INSERT INTO spec_items (id, category_id, name, order_index) VALUES
  ('20000000-0000-0000-0000-000000000016', '10000000-0000-0000-0000-000000000005', 'Ports',        1),
  ('20000000-0000-0000-0000-000000000017', '10000000-0000-0000-0000-000000000005', 'Wireless',      2),
  ('20000000-0000-0000-0000-000000000018', '10000000-0000-0000-0000-000000000005', 'PC Tethering',  3);

-- Spec Items: Battery / Power
INSERT INTO spec_items (id, category_id, name, order_index) VALUES
  ('20000000-0000-0000-0000-000000000019', '10000000-0000-0000-0000-000000000006', 'Battery Life', 1),
  ('20000000-0000-0000-0000-000000000020', '10000000-0000-0000-0000-000000000006', 'Power Source', 2),
  ('20000000-0000-0000-0000-000000000021', '10000000-0000-0000-0000-000000000006', 'Charging',     3);

-- Spec Items: Ergonomics
INSERT INTO spec_items (id, category_id, name, order_index) VALUES
  ('20000000-0000-0000-0000-000000000022', '10000000-0000-0000-0000-000000000007', 'Weight',         1),
  ('20000000-0000-0000-0000-000000000023', '10000000-0000-0000-0000-000000000007', 'IPD Adjustment', 2),
  ('20000000-0000-0000-0000-000000000024', '10000000-0000-0000-0000-000000000007', 'Fit Type',       3);

-- ─── Devices ─────────────────────────────────────────────────────────────────

INSERT INTO devices (id, name, brand, image_url, price, currency, buy_url) VALUES
  ('30000000-0000-0000-0000-000000000001', 'Quest 3',         'Meta',  'https://upload.wikimedia.org/wikipedia/commons/thumb/1/1b/Meta_Quest_3_headset.jpg/320px-Meta_Quest_3_headset.jpg', 649,   'CAD', 'https://www.meta.com/ca/quest/quest-3/'),
  ('30000000-0000-0000-0000-000000000002', 'Quest 3S',        'Meta',  NULL,                                                                                                                    479,   'CAD', 'https://www.meta.com/ca/quest/quest-3s/'),
  ('30000000-0000-0000-0000-000000000003', 'Vision Pro',      'Apple', NULL,                                                                                                                    4499,  'CAD', 'https://www.apple.com/ca/shop/buy-vision-pro'),
  ('30000000-0000-0000-0000-000000000004', 'PlayStation VR2', 'Sony',  NULL,                                                                                                                    649,   'CAD', 'https://www.playstation.com/en-ca/ps-vr2/'),
  ('30000000-0000-0000-0000-000000000005', 'Focus Vision',    'VIVE',  'https://www.vive.com/medias/sys_master/H49/Haf/11021892608030.png',                                                     1610,  'CAD', 'https://www.vive.com/ca/product/vive-focus-vision/overview/'),
  ('30000000-0000-0000-0000-000000000006', 'Index',           'Valve', NULL,                                                                                                                    1399,  'CAD', 'https://store.steampowered.com/valveindex');

-- ─── Device Specs: Meta Quest 3 ───────────────────────────────────────────────
INSERT INTO device_specs (device_id, spec_item_id, value) VALUES
  ('30000000-0000-0000-0000-000000000001','20000000-0000-0000-0000-000000000001','2064 × 2208 px'),
  ('30000000-0000-0000-0000-000000000001','20000000-0000-0000-0000-000000000002','LCD (pancake)'),
  ('30000000-0000-0000-0000-000000000001','20000000-0000-0000-0000-000000000003','110° H / 96° V'),
  ('30000000-0000-0000-0000-000000000001','20000000-0000-0000-0000-000000000004','Up to 120 Hz'),
  ('30000000-0000-0000-0000-000000000001','20000000-0000-0000-0000-000000000005','Pancake'),
  ('30000000-0000-0000-0000-000000000001','20000000-0000-0000-0000-000000000006','Inside-out (6DoF)'),
  ('30000000-0000-0000-0000-000000000001','20000000-0000-0000-0000-000000000007','Touch Plus controllers'),
  ('30000000-0000-0000-0000-000000000001','20000000-0000-0000-0000-000000000008','Yes'),
  ('30000000-0000-0000-0000-000000000001','20000000-0000-0000-0000-000000000009','No'),
  ('30000000-0000-0000-0000-000000000001','20000000-0000-0000-0000-000000000010','Integrated speakers'),
  ('30000000-0000-0000-0000-000000000001','20000000-0000-0000-0000-000000000011','Dual integrated mics'),
  ('30000000-0000-0000-0000-000000000001','20000000-0000-0000-0000-000000000012','Snapdragon XR2 Gen 2'),
  ('30000000-0000-0000-0000-000000000001','20000000-0000-0000-0000-000000000013','8 GB'),
  ('30000000-0000-0000-0000-000000000001','20000000-0000-0000-0000-000000000014','128 GB / 512 GB'),
  ('30000000-0000-0000-0000-000000000001','20000000-0000-0000-0000-000000000015','Android / Meta OS'),
  ('30000000-0000-0000-0000-000000000001','20000000-0000-0000-0000-000000000016','USB-C'),
  ('30000000-0000-0000-0000-000000000001','20000000-0000-0000-0000-000000000017','Wi-Fi 6E, Bluetooth 5.3'),
  ('30000000-0000-0000-0000-000000000001','20000000-0000-0000-0000-000000000018','Air Link / USB-C Link'),
  ('30000000-0000-0000-0000-000000000001','20000000-0000-0000-0000-000000000019','~2.2 hours'),
  ('30000000-0000-0000-0000-000000000001','20000000-0000-0000-0000-000000000020','Built-in battery'),
  ('30000000-0000-0000-0000-000000000001','20000000-0000-0000-0000-000000000021','USB-C'),
  ('30000000-0000-0000-0000-000000000001','20000000-0000-0000-0000-000000000022','515 g'),
  ('30000000-0000-0000-0000-000000000001','20000000-0000-0000-0000-000000000023','58–71 mm (continuous)'),
  ('30000000-0000-0000-0000-000000000001','20000000-0000-0000-0000-000000000024','Pancake soft-mount');

-- ─── Device Specs: Meta Quest 3S ──────────────────────────────────────────────
INSERT INTO device_specs (device_id, spec_item_id, value) VALUES
  ('30000000-0000-0000-0000-000000000002','20000000-0000-0000-0000-000000000001','1832 × 1920 px'),
  ('30000000-0000-0000-0000-000000000002','20000000-0000-0000-0000-000000000002','LCD (fresnel)'),
  ('30000000-0000-0000-0000-000000000002','20000000-0000-0000-0000-000000000003','96° H / 90° V'),
  ('30000000-0000-0000-0000-000000000002','20000000-0000-0000-0000-000000000004','Up to 120 Hz'),
  ('30000000-0000-0000-0000-000000000002','20000000-0000-0000-0000-000000000005','Fresnel'),
  ('30000000-0000-0000-0000-000000000002','20000000-0000-0000-0000-000000000006','Inside-out (6DoF)'),
  ('30000000-0000-0000-0000-000000000002','20000000-0000-0000-0000-000000000007','Touch Plus controllers'),
  ('30000000-0000-0000-0000-000000000002','20000000-0000-0000-0000-000000000008','Yes'),
  ('30000000-0000-0000-0000-000000000002','20000000-0000-0000-0000-000000000009','No'),
  ('30000000-0000-0000-0000-000000000002','20000000-0000-0000-0000-000000000010','Integrated speakers'),
  ('30000000-0000-0000-0000-000000000002','20000000-0000-0000-0000-000000000011','Dual integrated mics'),
  ('30000000-0000-0000-0000-000000000002','20000000-0000-0000-0000-000000000012','Snapdragon XR2 Gen 2'),
  ('30000000-0000-0000-0000-000000000002','20000000-0000-0000-0000-000000000013','8 GB'),
  ('30000000-0000-0000-0000-000000000002','20000000-0000-0000-0000-000000000014','128 GB / 256 GB'),
  ('30000000-0000-0000-0000-000000000002','20000000-0000-0000-0000-000000000015','Android / Meta OS'),
  ('30000000-0000-0000-0000-000000000002','20000000-0000-0000-0000-000000000016','USB-C'),
  ('30000000-0000-0000-0000-000000000002','20000000-0000-0000-0000-000000000017','Wi-Fi 6E, Bluetooth 5.3'),
  ('30000000-0000-0000-0000-000000000002','20000000-0000-0000-0000-000000000018','Air Link / USB-C Link'),
  ('30000000-0000-0000-0000-000000000002','20000000-0000-0000-0000-000000000019','~2–3 hours'),
  ('30000000-0000-0000-0000-000000000002','20000000-0000-0000-0000-000000000020','Built-in battery'),
  ('30000000-0000-0000-0000-000000000002','20000000-0000-0000-0000-000000000021','USB-C'),
  ('30000000-0000-0000-0000-000000000002','20000000-0000-0000-0000-000000000022','514 g'),
  ('30000000-0000-0000-0000-000000000002','20000000-0000-0000-0000-000000000023','58–71 mm (continuous)'),
  ('30000000-0000-0000-0000-000000000002','20000000-0000-0000-0000-000000000024','Standard soft-mount');

-- ─── Device Specs: Apple Vision Pro ───────────────────────────────────────────
INSERT INTO device_specs (device_id, spec_item_id, value) VALUES
  ('30000000-0000-0000-0000-000000000003','20000000-0000-0000-0000-000000000001','3660 × 3142 px (micro-OLED)'),
  ('30000000-0000-0000-0000-000000000003','20000000-0000-0000-0000-000000000002','Micro-OLED'),
  ('30000000-0000-0000-0000-000000000003','20000000-0000-0000-0000-000000000003','~100°'),
  ('30000000-0000-0000-0000-000000000003','20000000-0000-0000-0000-000000000004','Up to 100 Hz'),
  ('30000000-0000-0000-0000-000000000003','20000000-0000-0000-0000-000000000005','Custom pancake'),
  ('30000000-0000-0000-0000-000000000003','20000000-0000-0000-0000-000000000006','Inside-out (6DoF)'),
  ('30000000-0000-0000-0000-000000000003','20000000-0000-0000-0000-000000000007','No physical controllers'),
  ('30000000-0000-0000-0000-000000000003','20000000-0000-0000-0000-000000000008','Yes (advanced)'),
  ('30000000-0000-0000-0000-000000000003','20000000-0000-0000-0000-000000000009','Yes (optic ID)'),
  ('30000000-0000-0000-0000-000000000003','20000000-0000-0000-0000-000000000010','Spatial audio speakers'),
  ('30000000-0000-0000-0000-000000000003','20000000-0000-0000-0000-000000000011','6-mic array'),
  ('30000000-0000-0000-0000-000000000003','20000000-0000-0000-0000-000000000012','Apple M2 + R1'),
  ('30000000-0000-0000-0000-000000000003','20000000-0000-0000-0000-000000000013','16 GB'),
  ('30000000-0000-0000-0000-000000000003','20000000-0000-0000-0000-000000000014','256 GB / 512 GB / 1 TB'),
  ('30000000-0000-0000-0000-000000000003','20000000-0000-0000-0000-000000000015','visionOS'),
  ('30000000-0000-0000-0000-000000000003','20000000-0000-0000-0000-000000000016','USB-C (Thunderbolt)'),
  ('30000000-0000-0000-0000-000000000003','20000000-0000-0000-0000-000000000017','Wi-Fi 6, Bluetooth 5.3'),
  ('30000000-0000-0000-0000-000000000003','20000000-0000-0000-0000-000000000018','No (standalone only)'),
  ('30000000-0000-0000-0000-000000000003','20000000-0000-0000-0000-000000000019','~2 hours (external battery)'),
  ('30000000-0000-0000-0000-000000000003','20000000-0000-0000-0000-000000000020','External battery pack'),
  ('30000000-0000-0000-0000-000000000003','20000000-0000-0000-0000-000000000021','USB-C (battery pack)'),
  ('30000000-0000-0000-0000-000000000003','20000000-0000-0000-0000-000000000022','600–650 g'),
  ('30000000-0000-0000-0000-000000000003','20000000-0000-0000-0000-000000000023','Auto (Zeiss optical inserts)'),
  ('30000000-0000-0000-0000-000000000003','20000000-0000-0000-0000-000000000024','Dual-loop headband');

-- ─── Device Specs: PlayStation VR2 ────────────────────────────────────────────
INSERT INTO device_specs (device_id, spec_item_id, value) VALUES
  ('30000000-0000-0000-0000-000000000004','20000000-0000-0000-0000-000000000001','2000 × 2040 px'),
  ('30000000-0000-0000-0000-000000000004','20000000-0000-0000-0000-000000000002','OLED'),
  ('30000000-0000-0000-0000-000000000004','20000000-0000-0000-0000-000000000003','110°'),
  ('30000000-0000-0000-0000-000000000004','20000000-0000-0000-0000-000000000004','90 / 120 Hz'),
  ('30000000-0000-0000-0000-000000000004','20000000-0000-0000-0000-000000000005','Fresnel'),
  ('30000000-0000-0000-0000-000000000004','20000000-0000-0000-0000-000000000006','Inside-out (4 cameras + IMU)'),
  ('30000000-0000-0000-0000-000000000004','20000000-0000-0000-0000-000000000007','Sense controllers'),
  ('30000000-0000-0000-0000-000000000004','20000000-0000-0000-0000-000000000008','No'),
  ('30000000-0000-0000-0000-000000000004','20000000-0000-0000-0000-000000000009','Yes'),
  ('30000000-0000-0000-0000-000000000004','20000000-0000-0000-0000-000000000010','3D audio, 3.5 mm jack'),
  ('30000000-0000-0000-0000-000000000004','20000000-0000-0000-0000-000000000011','Integrated mic'),
  ('30000000-0000-0000-0000-000000000004','20000000-0000-0000-0000-000000000012','PS5 (tethered)'),
  ('30000000-0000-0000-0000-000000000004','20000000-0000-0000-0000-000000000013','—'),
  ('30000000-0000-0000-0000-000000000004','20000000-0000-0000-0000-000000000014','—'),
  ('30000000-0000-0000-0000-000000000004','20000000-0000-0000-0000-000000000015','PlayStation 5 required'),
  ('30000000-0000-0000-0000-000000000004','20000000-0000-0000-0000-000000000016','USB-C (to PS5)'),
  ('30000000-0000-0000-0000-000000000004','20000000-0000-0000-0000-000000000017','—'),
  ('30000000-0000-0000-0000-000000000004','20000000-0000-0000-0000-000000000018','USB-C (required)'),
  ('30000000-0000-0000-0000-000000000004','20000000-0000-0000-0000-000000000019','Powered by PS5'),
  ('30000000-0000-0000-0000-000000000004','20000000-0000-0000-0000-000000000020','PS5 (wired)'),
  ('30000000-0000-0000-0000-000000000004','20000000-0000-0000-0000-000000000021','Via PS5'),
  ('30000000-0000-0000-0000-000000000004','20000000-0000-0000-0000-000000000022','560 g'),
  ('30000000-0000-0000-0000-000000000004','20000000-0000-0000-0000-000000000023','53–71 mm'),
  ('30000000-0000-0000-0000-000000000004','20000000-0000-0000-0000-000000000024','Scope-style halo band');

-- ─── Device Specs: VIVE Focus Vision ──────────────────────────────────────────
INSERT INTO device_specs (device_id, spec_item_id, value) VALUES
  ('30000000-0000-0000-0000-000000000005','20000000-0000-0000-0000-000000000001','2448 × 2448 px'),
  ('30000000-0000-0000-0000-000000000005','20000000-0000-0000-0000-000000000002','LCD'),
  ('30000000-0000-0000-0000-000000000005','20000000-0000-0000-0000-000000000003','120°'),
  ('30000000-0000-0000-0000-000000000005','20000000-0000-0000-0000-000000000004','Up to 120 Hz'),
  ('30000000-0000-0000-0000-000000000005','20000000-0000-0000-0000-000000000005','Pancake'),
  ('30000000-0000-0000-0000-000000000005','20000000-0000-0000-0000-000000000006','Inside-out (VIVE tracking)'),
  ('30000000-0000-0000-0000-000000000005','20000000-0000-0000-0000-000000000007','VIVE Controllers 2.0'),
  ('30000000-0000-0000-0000-000000000005','20000000-0000-0000-0000-000000000008','Yes'),
  ('30000000-0000-0000-0000-000000000005','20000000-0000-0000-0000-000000000009','Yes'),
  ('30000000-0000-0000-0000-000000000005','20000000-0000-0000-0000-000000000010','Integrated speakers'),
  ('30000000-0000-0000-0000-000000000005','20000000-0000-0000-0000-000000000011','Dual mics'),
  ('30000000-0000-0000-0000-000000000005','20000000-0000-0000-0000-000000000012','Snapdragon XR2 Gen 2'),
  ('30000000-0000-0000-0000-000000000005','20000000-0000-0000-0000-000000000013','12 GB'),
  ('30000000-0000-0000-0000-000000000005','20000000-0000-0000-0000-000000000014','128 GB (+ microSD)'),
  ('30000000-0000-0000-0000-000000000005','20000000-0000-0000-0000-000000000015','Android / VIVE OS'),
  ('30000000-0000-0000-0000-000000000005','20000000-0000-0000-0000-000000000016','USB-C 3.2'),
  ('30000000-0000-0000-0000-000000000005','20000000-0000-0000-0000-000000000017','Wi-Fi 6E, Bluetooth 5.2'),
  ('30000000-0000-0000-0000-000000000005','20000000-0000-0000-0000-000000000018','DisplayPort via USB-C'),
  ('30000000-0000-0000-0000-000000000005','20000000-0000-0000-0000-000000000019','Up to 1.5 hours'),
  ('30000000-0000-0000-0000-000000000005','20000000-0000-0000-0000-000000000020','Built-in + hot-swap battery'),
  ('30000000-0000-0000-0000-000000000005','20000000-0000-0000-0000-000000000021','USB-C'),
  ('30000000-0000-0000-0000-000000000005','20000000-0000-0000-0000-000000000022','~643 g'),
  ('30000000-0000-0000-0000-000000000005','20000000-0000-0000-0000-000000000023','60–70 mm (dial)'),
  ('30000000-0000-0000-0000-000000000005','20000000-0000-0000-0000-000000000024','Top-balanced halo strap');

-- ─── Device Specs: Valve Index ────────────────────────────────────────────────
INSERT INTO device_specs (device_id, spec_item_id, value) VALUES
  ('30000000-0000-0000-0000-000000000006','20000000-0000-0000-0000-000000000001','1440 × 1600 px'),
  ('30000000-0000-0000-0000-000000000006','20000000-0000-0000-0000-000000000002','LCD (dual element)'),
  ('30000000-0000-0000-0000-000000000006','20000000-0000-0000-0000-000000000003','130°'),
  ('30000000-0000-0000-0000-000000000006','20000000-0000-0000-0000-000000000004','80 / 90 / 120 / 144 Hz'),
  ('30000000-0000-0000-0000-000000000006','20000000-0000-0000-0000-000000000005','Compound (dual element)'),
  ('30000000-0000-0000-0000-000000000006','20000000-0000-0000-0000-000000000006','SteamVR 2.0 base stations'),
  ('30000000-0000-0000-0000-000000000006','20000000-0000-0000-0000-000000000007','Index controllers (knuckles)'),
  ('30000000-0000-0000-0000-000000000006','20000000-0000-0000-0000-000000000008','No'),
  ('30000000-0000-0000-0000-000000000006','20000000-0000-0000-0000-000000000009','No'),
  ('30000000-0000-0000-0000-000000000006','20000000-0000-0000-0000-000000000010','Near-ear speakers'),
  ('30000000-0000-0000-0000-000000000006','20000000-0000-0000-0000-000000000011','Dual integrated mics'),
  ('30000000-0000-0000-0000-000000000006','20000000-0000-0000-0000-000000000012','PC GPU (tethered)'),
  ('30000000-0000-0000-0000-000000000006','20000000-0000-0000-0000-000000000013','—'),
  ('30000000-0000-0000-0000-000000000006','20000000-0000-0000-0000-000000000014','—'),
  ('30000000-0000-0000-0000-000000000006','20000000-0000-0000-0000-000000000015','SteamVR (PC required)'),
  ('30000000-0000-0000-0000-000000000006','20000000-0000-0000-0000-000000000016','DisplayPort 1.2, USB 3.0'),
  ('30000000-0000-0000-0000-000000000006','20000000-0000-0000-0000-000000000017','—'),
  ('30000000-0000-0000-0000-000000000006','20000000-0000-0000-0000-000000000018','DisplayPort + USB (required)'),
  ('30000000-0000-0000-0000-000000000006','20000000-0000-0000-0000-000000000019','Powered by PC'),
  ('30000000-0000-0000-0000-000000000006','20000000-0000-0000-0000-000000000020','PC power (wired)'),
  ('30000000-0000-0000-0000-000000000006','20000000-0000-0000-0000-000000000021','Via tether cable'),
  ('30000000-0000-0000-0000-000000000006','20000000-0000-0000-0000-000000000022','809 g'),
  ('30000000-0000-0000-0000-000000000006','20000000-0000-0000-0000-000000000023','58–70 mm (dial)'),
  ('30000000-0000-0000-0000-000000000006','20000000-0000-0000-0000-000000000024','Rigid headband + face gasket');
